# ************************************************************
# Sequel Pro SQL dump
# Version 4541
#
# http://www.sequelpro.com/
# https://github.com/sequelpro/sequelpro
#
# Host: njit-class-system.cofdnjjki73o.us-east-1.rds.amazonaws.com (MySQL 5.7.10-log)
# Database: class
# Generation Time: 2016-05-03 21:44:21 +0000
# ************************************************************


/*!40101 SET @OLD_CHARACTER_SET_CLIENT=@@CHARACTER_SET_CLIENT */;
/*!40101 SET @OLD_CHARACTER_SET_RESULTS=@@CHARACTER_SET_RESULTS */;
/*!40101 SET @OLD_COLLATION_CONNECTION=@@COLLATION_CONNECTION */;
/*!40101 SET NAMES utf8 */;
/*!40014 SET @OLD_FOREIGN_KEY_CHECKS=@@FOREIGN_KEY_CHECKS, FOREIGN_KEY_CHECKS=0 */;
/*!40101 SET @OLD_SQL_MODE=@@SQL_MODE, SQL_MODE='NO_AUTO_VALUE_ON_ZERO' */;
/*!40111 SET @OLD_SQL_NOTES=@@SQL_NOTES, SQL_NOTES=0 */;


# Dump of table Assignment
# ------------------------------------------------------------

DROP TABLE IF EXISTS `Assignment`;

CREATE TABLE `Assignment` (
  `AssignmentID` int(10) unsigned NOT NULL AUTO_INCREMENT,
  `Description` mediumtext CHARACTER SET latin1,
  `Settings` json NOT NULL,
  `GradeDistribution` json NOT NULL,
  `Title` varchar(100) CHARACTER SET latin1 NOT NULL,
  `UserID` int(10) unsigned NOT NULL,
  `GroupSize` int(3) unsigned NOT NULL DEFAULT '1',
  `UseCase` varchar(20) COLLATE utf8_bin DEFAULT NULL,
  PRIMARY KEY (`AssignmentID`),
  KEY `UserID` (`UserID`),
  CONSTRAINT `Assignment_ibfk_1` FOREIGN KEY (`UserID`) REFERENCES `User` (`UserID`)
) ENGINE=InnoDB DEFAULT CHARSET=utf8 COLLATE=utf8_bin;

LOCK TABLES `Assignment` WRITE;
/*!40000 ALTER TABLE `Assignment` DISABLE KEYS */;

INSERT INTO `Assignment` (`AssignmentID`, `Description`, `Settings`, `GradeDistribution`, `Title`, `UserID`, `GroupSize`, `UseCase`)
VALUES
	(1,'First Assginment',X'7B2253657474696E6773223A20317D',X'7B2241223A203130302C202242223A2038307D','Assignment One',1,1,NULL),
	(2,'Second Assginment',X'7B2253657474696E6773223A20317D',X'7B2241223A203130302C202242223A2038307D','Assignment Two',1,1,NULL),
	(3,'Third Assginment',X'7B2253657474696E6773223A20327D',X'7B2241223A203130302C202242223A2038307D','Assignment Three',2,1,NULL),
	(4,'Forth Assginment',X'7B2253657474696E6773223A20327D',X'7B2241223A203130302C202242223A2038307D','Assignment Four',2,1,NULL),
	(16,'Assignment Description',X'7B7D',X'7B2241223A203130302C202242223A2038307D','Discussion Homework 1',1,4,X'3161');

/*!40000 ALTER TABLE `Assignment` ENABLE KEYS */;
UNLOCK TABLES;


# Dump of table AssignmentSection
# ------------------------------------------------------------

DROP TABLE IF EXISTS `AssignmentSection`;

CREATE TABLE `AssignmentSection` (
  `AssignmentSectionID` int(10) unsigned NOT NULL AUTO_INCREMENT,
  `AssignmentID` int(10) unsigned NOT NULL,
  `SectionID` int(10) unsigned NOT NULL,
  `StartDate` date DEFAULT NULL,
  `EndDate` date DEFAULT NULL,
  `A_workflow_collection` json DEFAULT NULL,
  `A_workflow_timing` json DEFAULT NULL,
  PRIMARY KEY (`AssignmentSectionID`,`AssignmentID`,`SectionID`),
  KEY `SectionID` (`SectionID`),
  CONSTRAINT `AssignmentSection_ibfk_1` FOREIGN KEY (`SectionID`) REFERENCES `Section` (`SectionID`)
) ENGINE=InnoDB DEFAULT CHARSET=utf8 COLLATE=utf8_bin;

LOCK TABLES `AssignmentSection` WRITE;
/*!40000 ALTER TABLE `AssignmentSection` DISABLE KEYS */;

INSERT INTO `AssignmentSection` (`AssignmentSectionID`, `AssignmentID`, `SectionID`, `StartDate`, `EndDate`, `A_workflow_collection`, `A_workflow_timing`)
VALUES
	(1,1,1,'2016-04-18','2016-04-29',NULL,NULL),
	(2,2,2,'2016-04-18','2016-04-29',NULL,NULL);

/*!40000 ALTER TABLE `AssignmentSection` ENABLE KEYS */;
UNLOCK TABLES;


# Dump of table Course
# ------------------------------------------------------------

DROP TABLE IF EXISTS `Course`;

CREATE TABLE `Course` (
  `CourseID` int(10) unsigned NOT NULL AUTO_INCREMENT,
  `Number` varchar(50) CHARACTER SET latin1 DEFAULT NULL,
  `Title` varchar(150) CHARACTER SET latin1 NOT NULL,
  `OrganizationID` int(10) unsigned DEFAULT NULL,
  `CreatorID` int(10) unsigned NOT NULL,
  PRIMARY KEY (`CourseID`),
  KEY `OrganizationID` (`OrganizationID`),
  KEY `CreatorID` (`CreatorID`),
  CONSTRAINT `Course_ibfk_1` FOREIGN KEY (`OrganizationID`) REFERENCES `Organization` (`OrganizationID`),
  CONSTRAINT `Course_ibfk_2` FOREIGN KEY (`CreatorID`) REFERENCES `User` (`UserID`)
) ENGINE=InnoDB DEFAULT CHARSET=utf8 COLLATE=utf8_bin;

LOCK TABLES `Course` WRITE;
/*!40000 ALTER TABLE `Course` DISABLE KEYS */;

INSERT INTO `Course` (`CourseID`, `Number`, `Title`, `OrganizationID`, `CreatorID`)
VALUES
	(1,'CS-100','Intro to Computer Science',1,1),
	(2,'CS-113','Computer Science A',1,1),
	(3,'CS-114','Computer Science B',1,1),
	(23,'001','CS 491',NULL,3),
	(24,'IS 350','Computer Ethics',NULL,1),
	(25,'IS 351','Computer Ethics II',NULL,1),
	(26,'001','CS 490',NULL,3),
	(27,'CS 400','Databases',NULL,1),
	(28,'CS 550','Intro to Databases',NULL,1),
	(29,'001','CS 494',NULL,3),
	(30,'d','d',NULL,1);

/*!40000 ALTER TABLE `Course` ENABLE KEYS */;
UNLOCK TABLES;


# Dump of table Groups
# ------------------------------------------------------------

DROP TABLE IF EXISTS `Groups`;

CREATE TABLE `Groups` (
  `GroupID` int(10) unsigned NOT NULL COMMENT 'GroupID',
  `SectionID` int(10) unsigned DEFAULT NULL COMMENT 'SectionID',
  `Name` varchar(30) DEFAULT NULL COMMENT 'Group Name',
  `Leader` int(10) unsigned DEFAULT NULL COMMENT 'Leader of the Group',
  PRIMARY KEY (`GroupID`),
  KEY `Leader` (`Leader`),
  CONSTRAINT `Groups_ibfk_1` FOREIGN KEY (`Leader`) REFERENCES `User` (`UserID`)
) ENGINE=InnoDB DEFAULT CHARSET=utf8 COMMENT='Group Table';



# Dump of table GroupUser
# ------------------------------------------------------------

DROP TABLE IF EXISTS `GroupUser`;

CREATE TABLE `GroupUser` (
  `GroupID` int(10) unsigned NOT NULL COMMENT 'FK GroupID',
  `UserID` int(10) unsigned NOT NULL COMMENT 'FK UserID',
  `Role` set('Student','Instructor') NOT NULL DEFAULT 'Student' COMMENT 'User Role',
  `Status` set('Active','Inactive') NOT NULL DEFAULT 'Active' COMMENT 'User Status',
  PRIMARY KEY (`GroupID`,`UserID`),
  KEY `UserID` (`UserID`),
  CONSTRAINT `GroupUser_ibfk_1` FOREIGN KEY (`UserID`) REFERENCES `User` (`UserID`),
  CONSTRAINT `GroupUser_ibfk_2` FOREIGN KEY (`GroupID`) REFERENCES `Groups` (`GroupID`)
) ENGINE=InnoDB DEFAULT CHARSET=utf8 COMMENT='Group User Table';



# Dump of table Organization
# ------------------------------------------------------------

DROP TABLE IF EXISTS `Organization`;

CREATE TABLE `Organization` (
  `OrganizationID` int(10) unsigned NOT NULL AUTO_INCREMENT,
  `Name` varchar(40) CHARACTER SET latin1 DEFAULT NULL,
  `Address` varchar(50) COLLATE utf8_bin NOT NULL DEFAULT '',
  `City` varchar(20) COLLATE utf8_bin NOT NULL DEFAULT '',
  `State` varchar(2) COLLATE utf8_bin NOT NULL DEFAULT '',
  `Zip` varchar(10) COLLATE utf8_bin NOT NULL DEFAULT '',
  `Country` varchar(30) COLLATE utf8_bin NOT NULL DEFAULT '',
  `Type` varchar(30) COLLATE utf8_bin NOT NULL DEFAULT 'University',
  PRIMARY KEY (`OrganizationID`)
) ENGINE=InnoDB DEFAULT CHARSET=utf8 COLLATE=utf8_bin;

LOCK TABLES `Organization` WRITE;
/*!40000 ALTER TABLE `Organization` DISABLE KEYS */;

INSERT INTO `Organization` (`OrganizationID`, `Name`, `Address`, `City`, `State`, `Zip`, `Country`, `Type`)
VALUES
	(1,'Test',X'',X'',X'',X'',X'',X'556E6976657273697479');

/*!40000 ALTER TABLE `Organization` ENABLE KEYS */;
UNLOCK TABLES;


# Dump of table ResetPasswordRequest
# ------------------------------------------------------------

DROP TABLE IF EXISTS `ResetPasswordRequest`;

CREATE TABLE `ResetPasswordRequest` (
  `UserID` int(10) unsigned NOT NULL AUTO_INCREMENT,
  `RequestHash` varchar(100) NOT NULL,
  PRIMARY KEY (`UserID`,`RequestHash`),
  CONSTRAINT `ResetPasswordRequest_ibfk_1` FOREIGN KEY (`UserID`) REFERENCES `User` (`UserID`)
) ENGINE=InnoDB DEFAULT CHARSET=latin1;



# Dump of table Section
# ------------------------------------------------------------

DROP TABLE IF EXISTS `Section`;

CREATE TABLE `Section` (
  `SectionID` int(10) unsigned NOT NULL AUTO_INCREMENT,
  `SemesterID` int(10) unsigned NOT NULL,
  `CourseID` int(10) unsigned NOT NULL,
  `Name` varchar(100) CHARACTER SET latin1 DEFAULT NULL,
  `StartDate` date DEFAULT NULL,
  `EndDate` date DEFAULT NULL,
  `Description` varchar(200) CHARACTER SET latin1 NOT NULL,
  PRIMARY KEY (`SectionID`),
  KEY `SemesterID` (`SemesterID`),
  KEY `CourseID` (`CourseID`),
  CONSTRAINT `Section_ibfk_2` FOREIGN KEY (`SemesterID`) REFERENCES `Semester` (`SemesterID`),
  CONSTRAINT `Section_ibfk_3` FOREIGN KEY (`CourseID`) REFERENCES `Course` (`CourseID`)
) ENGINE=InnoDB DEFAULT CHARSET=utf8 COLLATE=utf8_bin;

LOCK TABLES `Section` WRITE;
/*!40000 ALTER TABLE `Section` DISABLE KEYS */;

INSERT INTO `Section` (`SectionID`, `SemesterID`, `CourseID`, `Name`, `StartDate`, `EndDate`, `Description`)
VALUES
	(1,1,1,'Section 1','2016-01-01','2016-05-01','Non-Honors'),
	(2,1,2,'Section 1','2016-01-01','2016-05-01','Non-Honors'),
	(3,1,1,'Section 3','2016-01-01','2016-05-01','Tesing update Honors'),
	(6,1,2,'TitleName',NULL,NULL,'Description Test'),
	(19,1,23,'Test',NULL,NULL,'Test'),
	(20,1,24,'005',NULL,NULL,'Professor: John'),
	(21,1,24,'007',NULL,NULL,'professor: john'),
	(22,1,25,'006',NULL,NULL,'Professor: Bieber'),
	(23,1,25,'009',NULL,NULL,'Professor: Bieber'),
	(24,1,26,'625362',NULL,NULL,'This is a section'),
	(25,1,27,'006',NULL,NULL,'Room: TIER 400'),
	(26,1,28,'006',NULL,NULL,'Professor: John'),
	(27,1,28,'007',NULL,NULL,'Professor James'),
	(28,1,29,'26166',NULL,NULL,'test'),
	(29,1,30,'d',NULL,NULL,'s');

/*!40000 ALTER TABLE `Section` ENABLE KEYS */;
UNLOCK TABLES;


# Dump of table SectionUser
# ------------------------------------------------------------

DROP TABLE IF EXISTS `SectionUser`;

CREATE TABLE `SectionUser` (
  `SectionUserID` int(10) unsigned NOT NULL AUTO_INCREMENT,
  `SectionID` int(11) NOT NULL,
  `UserID` int(11) NOT NULL,
  `UserRole` set('Student','Instructor') COLLATE utf8_bin NOT NULL DEFAULT 'Student',
  `UserStatus` set('Active','Inactive','Dropped') COLLATE utf8_bin NOT NULL DEFAULT 'Active',
  PRIMARY KEY (`SectionUserID`,`SectionID`,`UserID`)
) ENGINE=InnoDB DEFAULT CHARSET=utf8 COLLATE=utf8_bin;

LOCK TABLES `SectionUser` WRITE;
/*!40000 ALTER TABLE `SectionUser` DISABLE KEYS */;

INSERT INTO `SectionUser` (`SectionUserID`, `SectionID`, `UserID`, `UserRole`, `UserStatus`)
VALUES
	(2,2,1,X'53747564656E74',X'416374697665'),
	(3,2,2,X'53747564656E74',X'416374697665'),
	(4,3,1,X'53747564656E74',X'416374697665'),
	(5,0,3,X'53747564656E74',X'416374697665'),
	(8,2,3,X'53747564656E74',X'416374697665'),
	(9,2,3,X'53747564656E74',X'416374697665'),
	(10,1,1,X'496E7374727563746F72',X'416374697665'),
	(11,1,2,X'53747564656E74',X'416374697665'),
	(12,1,3,X'53747564656E74',X'416374697665'),
	(13,1,4,X'53747564656E74',X'416374697665'),
	(14,1,5,X'53747564656E74',X'416374697665'),
	(15,1,6,X'53747564656E74',X'416374697665'),
	(16,1,7,X'53747564656E74',X'416374697665');

/*!40000 ALTER TABLE `SectionUser` ENABLE KEYS */;
UNLOCK TABLES;


# Dump of table Semester
# ------------------------------------------------------------

DROP TABLE IF EXISTS `Semester`;

CREATE TABLE `Semester` (
  `SemesterID` int(10) unsigned NOT NULL AUTO_INCREMENT,
  `Name` varchar(25) CHARACTER SET latin1 DEFAULT NULL,
  `StartDate` date DEFAULT NULL,
  `EndDate` date DEFAULT NULL,
  `OrganizationID` int(10) unsigned DEFAULT NULL,
  PRIMARY KEY (`SemesterID`),
  KEY `OrganizationID` (`OrganizationID`),
  CONSTRAINT `Semester_ibfk_1` FOREIGN KEY (`OrganizationID`) REFERENCES `Organization` (`OrganizationID`)
) ENGINE=InnoDB DEFAULT CHARSET=utf8 COLLATE=utf8_bin;

LOCK TABLES `Semester` WRITE;
/*!40000 ALTER TABLE `Semester` DISABLE KEYS */;

INSERT INTO `Semester` (`SemesterID`, `Name`, `StartDate`, `EndDate`, `OrganizationID`)
VALUES
	(1,'Fall 2015','2016-01-01','2016-05-01',1),
	(12,'Fall 2017','2017-10-09','2017-12-11',NULL);

/*!40000 ALTER TABLE `Semester` ENABLE KEYS */;
UNLOCK TABLES;


# Dump of table Task
# ------------------------------------------------------------

DROP TABLE IF EXISTS `Task`;

CREATE TABLE `Task` (
  `TaskID` int(10) unsigned NOT NULL AUTO_INCREMENT,
  `UserID` int(10) unsigned NOT NULL,
  `TaskActivityID` int(10) unsigned NOT NULL,
  `WorlkflowID` int(10) unsigned NOT NULL,
  `StartDate` datetime NOT NULL,
  `EndDate` datetime NOT NULL,
  `Data` json NOT NULL,
  `Settings` json NOT NULL,
  `GroupID` int(10) unsigned DEFAULT NULL,
  `type` varchar(50) COLLATE utf8_bin DEFAULT NULL,
  `user_history` blob,
  `Task_status` varchar(20) COLLATE utf8_bin NOT NULL DEFAULT 'Incomplete',
  `Task_final_grade` float(10,2) DEFAULT NULL,
  `Task_files` json DEFAULT NULL,
  `Task_reference` int(10) unsigned DEFAULT NULL,
  `Next_Tasks` blob,
  `AssignmentSectionID` int(1) unsigned DEFAULT NULL,
  PRIMARY KEY (`TaskID`),
  KEY `UserID` (`UserID`),
  KEY `TaskActivityID` (`TaskActivityID`),
  KEY `WorlkflowID` (`WorlkflowID`),
  KEY `GroupID` (`GroupID`),
  KEY `AssignmentSectionID` (`AssignmentSectionID`),
  CONSTRAINT `Task_ibfk_1` FOREIGN KEY (`UserID`) REFERENCES `User` (`UserID`),
  CONSTRAINT `Task_ibfk_2` FOREIGN KEY (`TaskActivityID`) REFERENCES `TaskActivity` (`TaskActivityID`),
  CONSTRAINT `Task_ibfk_3` FOREIGN KEY (`WorlkflowID`) REFERENCES `Workflow` (`WorkflowID`),
  CONSTRAINT `Task_ibfk_5` FOREIGN KEY (`GroupID`) REFERENCES `Groups` (`GroupID`),
  CONSTRAINT `Task_ibfk_6` FOREIGN KEY (`AssignmentSectionID`) REFERENCES `AssignmentSection` (`AssignmentSectionID`)
) ENGINE=InnoDB DEFAULT CHARSET=utf8 COLLATE=utf8_bin;

LOCK TABLES `Task` WRITE;
/*!40000 ALTER TABLE `Task` DISABLE KEYS */;

INSERT INTO `Task` (`TaskID`, `UserID`, `TaskActivityID`, `WorlkflowID`, `StartDate`, `EndDate`, `Data`, `Settings`, `GroupID`, `type`, `user_history`, `Task_status`, `Task_final_grade`, `Task_files`, `Task_reference`, `Next_Tasks`, `AssignmentSectionID`)
VALUES
	(503,1,28,182,'2016-04-24 00:57:04','2016-04-29 00:00:00',X'7B7D',X'7B7D',NULL,NULL,NULL,X'496E636F6D706C657465',NULL,NULL,NULL,NULL,1),
	(504,7,29,182,'2016-04-24 00:57:04','2016-04-29 00:00:00',X'7B7D',X'7B7D',NULL,NULL,X'5B7B22726567756C6172223A377D2C7B22726567756C6172223A377D5D',X'496E636F6D706C657465',NULL,NULL,NULL,NULL,1),
	(505,7,27,182,'2016-04-24 00:57:04','2016-04-29 00:00:00',X'7B7D',X'7B7D',NULL,NULL,X'5B7B22726567756C6172223A377D2C7B22726567756C6172223A377D5D',X'496E636F6D706C657465',NULL,NULL,NULL,NULL,1),
	(506,7,30,182,'2016-04-24 00:57:04','2016-04-29 00:00:00',X'7B7D',X'7B7D',NULL,NULL,X'5B7B22726567756C6172223A377D2C7B22726567756C6172223A377D5D',X'496E636F6D706C657465',NULL,NULL,NULL,NULL,1),
	(507,7,31,182,'2016-04-24 00:57:04','2016-04-29 00:00:00',X'7B7D',X'7B7D',NULL,NULL,X'5B7B22726567756C6172223A377D2C7B22726567756C6172223A377D5D',X'496E636F6D706C657465',NULL,NULL,NULL,NULL,1),
	(508,8,33,182,'2016-04-24 00:57:04','2016-04-29 00:00:00',X'7B7D',X'7B7D',NULL,NULL,NULL,X'496E636F6D706C657465',NULL,NULL,NULL,NULL,1),
	(509,7,34,182,'2016-04-24 00:57:04','2016-04-29 00:00:00',X'7B7D',X'7B7D',NULL,NULL,X'5B7B22726567756C6172223A377D2C7B22726567756C6172223A377D5D',X'496E636F6D706C657465',NULL,NULL,NULL,NULL,1),
	(510,8,32,182,'2016-04-24 00:57:04','2016-04-29 00:00:00',X'7B7D',X'7B7D',NULL,NULL,NULL,X'496E636F6D706C657465',NULL,NULL,NULL,NULL,1),
	(511,6,29,183,'2016-04-24 00:57:04','2016-04-29 00:00:00',X'7B7D',X'7B7D',NULL,NULL,X'5B7B22726567756C6172223A367D2C7B22726567756C6172223A367D5D',X'496E636F6D706C657465',NULL,NULL,NULL,NULL,1),
	(512,6,27,183,'2016-04-24 00:57:04','2016-04-29 00:00:00',X'7B7D',X'7B7D',NULL,NULL,X'5B7B22726567756C6172223A367D2C7B22726567756C6172223A367D5D',X'496E636F6D706C657465',NULL,NULL,NULL,NULL,1),
	(513,7,35,182,'2016-04-24 00:57:04','2016-04-29 00:00:00',X'7B7D',X'7B7D',NULL,NULL,X'5B7B22726567756C6172223A377D2C7B22726567756C6172223A377D5D',X'496E636F6D706C657465',NULL,NULL,NULL,NULL,1),
	(514,1,28,183,'2016-04-24 00:57:04','2016-04-29 00:00:00',X'7B7D',X'7B7D',NULL,NULL,NULL,X'496E636F6D706C657465',NULL,NULL,NULL,NULL,1),
	(515,1,36,182,'2016-04-24 00:57:04','2016-04-29 00:00:00',X'7B7D',X'7B7D',NULL,NULL,NULL,X'496E636F6D706C657465',NULL,NULL,NULL,NULL,1),
	(516,6,30,183,'2016-04-24 00:57:04','2016-04-29 00:00:00',X'7B7D',X'7B7D',NULL,NULL,X'5B7B22726567756C6172223A367D2C7B22726567756C6172223A367D5D',X'496E636F6D706C657465',NULL,NULL,NULL,NULL,1),
	(517,8,32,183,'2016-04-24 00:57:04','2016-04-29 00:00:00',X'7B7D',X'7B7D',NULL,NULL,NULL,X'496E636F6D706C657465',NULL,NULL,NULL,NULL,1),
	(518,6,31,183,'2016-04-24 00:57:04','2016-04-29 00:00:00',X'7B7D',X'7B7D',NULL,NULL,X'5B7B22726567756C6172223A367D2C7B22726567756C6172223A367D5D',X'496E636F6D706C657465',NULL,NULL,NULL,NULL,1),
	(519,8,33,183,'2016-04-24 00:57:04','2016-04-29 00:00:00',X'7B7D',X'7B7D',NULL,NULL,NULL,X'496E636F6D706C657465',NULL,NULL,NULL,NULL,1),
	(520,6,34,183,'2016-04-24 00:57:04','2016-04-29 00:00:00',X'7B7D',X'7B7D',NULL,NULL,X'5B7B22726567756C6172223A367D2C7B22726567756C6172223A367D5D',X'496E636F6D706C657465',NULL,NULL,NULL,NULL,1),
	(521,6,35,183,'2016-04-24 00:57:04','2016-04-29 00:00:00',X'7B7D',X'7B7D',NULL,NULL,X'5B7B22726567756C6172223A367D2C7B22726567756C6172223A367D5D',X'496E636F6D706C657465',NULL,NULL,NULL,NULL,1),
	(522,1,36,183,'2016-04-24 00:57:04','2016-04-29 00:00:00',X'7B7D',X'7B7D',NULL,NULL,NULL,X'496E636F6D706C657465',NULL,NULL,NULL,NULL,1),
	(523,1,28,184,'2016-04-24 00:57:04','2016-04-29 00:00:00',X'7B7D',X'7B7D',NULL,NULL,NULL,X'496E636F6D706C657465',NULL,NULL,NULL,NULL,1),
	(524,5,27,184,'2016-04-24 00:57:04','2016-04-29 00:00:00',X'7B7D',X'7B7D',NULL,NULL,X'5B7B22726567756C6172223A357D2C7B22726567756C6172223A357D5D',X'496E636F6D706C657465',NULL,NULL,NULL,NULL,1),
	(525,6,29,184,'2016-04-24 00:57:04','2016-04-29 00:00:00',X'7B7D',X'7B7D',NULL,NULL,X'5B7B22726567756C6172223A367D2C7B22726567756C6172223A367D5D',X'496E636F6D706C657465',NULL,NULL,NULL,NULL,1),
	(526,5,30,184,'2016-04-24 00:57:04','2016-04-29 00:00:00',X'7B7D',X'7B7D',NULL,NULL,X'5B7B22726567756C6172223A357D2C7B22726567756C6172223A357D5D',X'496E636F6D706C657465',NULL,NULL,NULL,NULL,1),
	(527,5,31,184,'2016-04-24 00:57:04','2016-04-29 00:00:00',X'7B7D',X'7B7D',NULL,NULL,X'5B7B22726567756C6172223A357D2C7B22726567756C6172223A357D5D',X'496E636F6D706C657465',NULL,NULL,NULL,NULL,1),
	(528,8,32,184,'2016-04-24 00:57:04','2016-04-29 00:00:00',X'7B7D',X'7B7D',NULL,NULL,NULL,X'496E636F6D706C657465',NULL,NULL,NULL,NULL,1),
	(529,8,33,184,'2016-04-24 00:57:04','2016-04-29 00:00:00',X'7B7D',X'7B7D',NULL,NULL,NULL,X'496E636F6D706C657465',NULL,NULL,NULL,NULL,1),
	(530,5,34,184,'2016-04-24 00:57:04','2016-04-29 00:00:00',X'7B7D',X'7B7D',NULL,NULL,X'5B7B22726567756C6172223A357D2C7B22726567756C6172223A357D5D',X'496E636F6D706C657465',NULL,NULL,NULL,NULL,1),
	(531,6,35,184,'2016-04-24 00:57:04','2016-04-29 00:00:00',X'7B7D',X'7B7D',NULL,NULL,X'5B7B22726567756C6172223A367D2C7B22726567756C6172223A367D5D',X'496E636F6D706C657465',NULL,NULL,NULL,NULL,1),
	(532,1,36,184,'2016-04-24 00:57:04','2016-04-29 00:00:00',X'7B7D',X'7B7D',NULL,NULL,NULL,X'496E636F6D706C657465',NULL,NULL,NULL,NULL,1),
	(533,4,27,185,'2016-04-24 00:57:04','2016-04-29 00:00:00',X'7B7D',X'7B7D',NULL,NULL,X'5B7B22726567756C6172223A347D2C7B22726567756C6172223A347D5D',X'496E636F6D706C657465',NULL,NULL,NULL,NULL,1),
	(534,1,28,185,'2016-04-24 00:57:04','2016-04-29 00:00:00',X'7B7D',X'7B7D',NULL,NULL,NULL,X'496E636F6D706C657465',NULL,NULL,NULL,NULL,1),
	(535,5,29,185,'2016-04-24 00:57:04','2016-04-29 00:00:00',X'7B7D',X'7B7D',NULL,NULL,X'5B7B22726567756C6172223A357D2C7B22726567756C6172223A357D5D',X'496E636F6D706C657465',NULL,NULL,NULL,NULL,1),
	(536,4,30,185,'2016-04-24 00:57:04','2016-04-29 00:00:00',X'7B7D',X'7B7D',NULL,NULL,X'5B7B22726567756C6172223A347D2C7B22726567756C6172223A347D5D',X'496E636F6D706C657465',NULL,NULL,NULL,NULL,1),
	(537,4,31,185,'2016-04-24 00:57:04','2016-04-29 00:00:00',X'7B7D',X'7B7D',NULL,NULL,X'5B7B22726567756C6172223A347D2C7B22726567756C6172223A347D5D',X'496E636F6D706C657465',NULL,NULL,NULL,NULL,1),
	(538,8,32,185,'2016-04-24 00:57:04','2016-04-29 00:00:00',X'7B7D',X'7B7D',NULL,NULL,NULL,X'496E636F6D706C657465',NULL,NULL,NULL,NULL,1),
	(539,8,33,185,'2016-04-24 00:57:04','2016-04-29 00:00:00',X'7B7D',X'7B7D',NULL,NULL,NULL,X'496E636F6D706C657465',NULL,NULL,NULL,NULL,1),
	(540,5,35,185,'2016-04-24 00:57:04','2016-04-29 00:00:00',X'7B7D',X'7B7D',NULL,NULL,X'5B7B22726567756C6172223A357D2C7B22726567756C6172223A357D5D',X'496E636F6D706C657465',NULL,NULL,NULL,NULL,1),
	(541,4,34,185,'2016-04-24 00:57:04','2016-04-29 00:00:00',X'7B7D',X'7B7D',NULL,NULL,X'5B7B22726567756C6172223A347D2C7B22726567756C6172223A347D5D',X'496E636F6D706C657465',NULL,NULL,NULL,NULL,1),
	(542,1,36,185,'2016-04-24 00:57:04','2016-04-29 00:00:00',X'7B7D',X'7B7D',NULL,NULL,NULL,X'496E636F6D706C657465',NULL,NULL,NULL,NULL,1),
	(543,3,27,186,'2016-04-24 00:57:04','2016-04-29 00:00:00',X'7B7D',X'7B7D',NULL,NULL,X'5B7B22726567756C6172223A337D2C7B22726567756C6172223A337D5D',X'496E636F6D706C657465',NULL,NULL,NULL,NULL,1),
	(544,1,28,186,'2016-04-24 00:57:04','2016-04-29 00:00:00',X'7B7D',X'7B7D',NULL,NULL,NULL,X'496E636F6D706C657465',NULL,NULL,NULL,NULL,1),
	(545,4,29,186,'2016-04-24 00:57:04','2016-04-29 00:00:00',X'7B7D',X'7B7D',NULL,NULL,X'5B7B22726567756C6172223A347D2C7B22726567756C6172223A347D5D',X'496E636F6D706C657465',NULL,NULL,NULL,NULL,1),
	(546,3,30,186,'2016-04-24 00:57:04','2016-04-29 00:00:00',X'7B7D',X'7B7D',NULL,NULL,X'5B7B22726567756C6172223A337D2C7B22726567756C6172223A337D5D',X'496E636F6D706C657465',NULL,NULL,NULL,NULL,1),
	(547,3,31,186,'2016-04-24 00:57:04','2016-04-29 00:00:00',X'7B7D',X'7B7D',NULL,NULL,X'5B7B22726567756C6172223A337D2C7B22726567756C6172223A337D5D',X'496E636F6D706C657465',NULL,NULL,NULL,NULL,1),
	(548,8,32,186,'2016-04-24 00:57:04','2016-04-29 00:00:00',X'7B7D',X'7B7D',NULL,NULL,NULL,X'496E636F6D706C657465',NULL,NULL,NULL,NULL,1),
	(549,8,33,186,'2016-04-24 00:57:04','2016-04-29 00:00:00',X'7B7D',X'7B7D',NULL,NULL,NULL,X'496E636F6D706C657465',NULL,NULL,NULL,NULL,1),
	(550,3,34,186,'2016-04-24 00:57:04','2016-04-29 00:00:00',X'7B7D',X'7B7D',NULL,NULL,X'5B7B22726567756C6172223A337D2C7B22726567756C6172223A337D5D',X'496E636F6D706C657465',NULL,NULL,NULL,NULL,1),
	(551,4,35,186,'2016-04-24 00:57:04','2016-04-29 00:00:00',X'7B7D',X'7B7D',NULL,NULL,X'5B7B22726567756C6172223A347D2C7B22726567756C6172223A347D5D',X'496E636F6D706C657465',NULL,NULL,NULL,NULL,1),
	(552,1,36,186,'2016-04-24 00:57:04','2016-04-29 00:00:00',X'7B7D',X'7B7D',NULL,NULL,NULL,X'496E636F6D706C657465',NULL,NULL,NULL,NULL,1),
	(553,1,28,187,'2016-04-24 00:57:04','2016-04-29 00:00:00',X'7B7D',X'7B7D',NULL,NULL,NULL,X'496E636F6D706C657465',NULL,NULL,NULL,NULL,1),
	(554,2,27,187,'2016-04-24 00:57:04','2016-04-29 00:00:00',X'7B7D',X'7B7D',NULL,NULL,X'5B7B22726567756C6172223A327D2C7B22726567756C6172223A327D5D',X'496E636F6D706C657465',NULL,NULL,NULL,NULL,1),
	(555,3,29,187,'2016-04-24 00:57:04','2016-04-29 00:00:00',X'7B7D',X'7B7D',NULL,NULL,X'5B7B22726567756C6172223A337D2C7B22726567756C6172223A337D5D',X'496E636F6D706C657465',NULL,NULL,NULL,NULL,1),
	(556,2,31,187,'2016-04-24 00:57:04','2016-04-29 00:00:00',X'7B7D',X'7B7D',NULL,NULL,X'5B7B22726567756C6172223A327D2C7B22726567756C6172223A327D5D',X'496E636F6D706C657465',NULL,NULL,NULL,NULL,1),
	(557,8,33,187,'2016-04-24 00:57:04','2016-04-29 00:00:00',X'7B7D',X'7B7D',NULL,NULL,NULL,X'496E636F6D706C657465',NULL,NULL,NULL,NULL,1),
	(558,2,30,187,'2016-04-24 00:57:04','2016-04-29 00:00:00',X'7B7D',X'7B7D',NULL,NULL,X'5B7B22726567756C6172223A327D2C7B22726567756C6172223A327D5D',X'496E636F6D706C657465',NULL,NULL,NULL,NULL,1),
	(559,8,32,187,'2016-04-24 00:57:04','2016-04-29 00:00:00',X'7B7D',X'7B7D',NULL,NULL,NULL,X'496E636F6D706C657465',NULL,NULL,NULL,NULL,1),
	(560,2,34,187,'2016-04-24 00:57:04','2016-04-29 00:00:00',X'7B7D',X'7B7D',NULL,NULL,X'5B7B22726567756C6172223A327D2C7B22726567756C6172223A327D5D',X'496E636F6D706C657465',NULL,NULL,NULL,NULL,1),
	(561,1,36,187,'2016-04-24 00:57:04','2016-04-29 00:00:00',X'7B7D',X'7B7D',NULL,NULL,NULL,X'496E636F6D706C657465',NULL,NULL,NULL,NULL,1),
	(562,3,35,187,'2016-04-24 00:57:04','2016-04-29 00:00:00',X'7B7D',X'7B7D',NULL,NULL,X'5B7B22726567756C6172223A337D2C7B22726567756C6172223A337D5D',X'496E636F6D706C657465',NULL,NULL,NULL,NULL,1);

/*!40000 ALTER TABLE `Task` ENABLE KEYS */;
UNLOCK TABLES;


# Dump of table TaskActivity
# ------------------------------------------------------------

DROP TABLE IF EXISTS `TaskActivity`;

CREATE TABLE `TaskActivity` (
  `TaskActivityID` int(10) unsigned NOT NULL AUTO_INCREMENT,
  `Name` varchar(50) CHARACTER SET latin1 NOT NULL,
  `Type` varchar(40) CHARACTER SET latin1 NOT NULL,
  `MaximumDuration` int(11) NOT NULL,
  `EarliestStartTime` datetime DEFAULT NULL,
  `Instructions` mediumtext CHARACTER SET latin1 NOT NULL,
  `Visual_ID` varchar(20) COLLATE utf8_bin DEFAULT NULL,
  `TaskActivity_grade_difference` int(10) unsigned DEFAULT NULL,
  `Task_grade_type` set('Points','Percentage') COLLATE utf8_bin NOT NULL DEFAULT 'Points',
  `TaskActivity_constraint_allocation` text COLLATE utf8_bin,
  `TaskActivity_at_duration_end` text COLLATE utf8_bin,
  `TaskActivity_function_type` text COLLATE utf8_bin,
  `TaskActivity_function_Code` text COLLATE utf8_bin,
  `TA_WA_id` int(10) unsigned NOT NULL,
  `TA_AA_id` int(10) unsigned NOT NULL,
  `Assignee_constraints` blob,
  `TA_due` blob,
  `TA_version_history` blob,
  `TA_trigger_condition` longblob,
  `TA_next_task` text COLLATE utf8_bin,
  PRIMARY KEY (`TaskActivityID`),
  KEY `TA_WA_id` (`TA_WA_id`),
  KEY `TA_AA_id` (`TA_AA_id`),
  CONSTRAINT `TaskActivity_ibfk_1` FOREIGN KEY (`TA_WA_id`) REFERENCES `WorkflowActivity` (`WorkflowActivityID`),
  CONSTRAINT `TaskActivity_ibfk_2` FOREIGN KEY (`TA_AA_id`) REFERENCES `Assignment` (`AssignmentID`)
) ENGINE=InnoDB DEFAULT CHARSET=utf8 COLLATE=utf8_bin;

LOCK TABLES `TaskActivity` WRITE;
/*!40000 ALTER TABLE `TaskActivity` DISABLE KEYS */;

INSERT INTO `TaskActivity` (`TaskActivityID`, `Name`, `Type`, `MaximumDuration`, `EarliestStartTime`, `Instructions`, `Visual_ID`, `TaskActivity_grade_difference`, `Task_grade_type`, `TaskActivity_constraint_allocation`, `TaskActivity_at_duration_end`, `TaskActivity_function_type`, `TaskActivity_function_Code`, `TA_WA_id`, `TA_AA_id`, `Assignee_constraints`, `TA_due`, `TA_version_history`, `TA_trigger_condition`, `TA_next_task`)
VALUES
	(27,'Create problem','create Problem',3,'2016-05-22 12:00:00','Testing Create Problem',X'5031',1,X'506F696E7473',NULL,X'54696D65204F7574',NULL,NULL,1,1,X'7B22726F6C65223A2273747564656E74222C227469746C65223A22696E646976696475616C222C22636F6E73747261696E7473223A6E756C6C7D',X'7B2274797065223A2264617465222C2276616C7565223A22323031392D31322D32352030303A30303A3031227D',X'2D31',X'5B5B7B226669727374223A747275657D5D5D',X'656469742050726F626C656D'),
	(28,'Edit problem','edit Problem',3,'2016-05-22 12:00:00','Testing Edit Problem',X'50312E31',1,X'506F696E7473',NULL,X'54696D65204F7574',NULL,NULL,1,1,X'7B22726F6C65223A22696E7374727563746F72222C227469746C65223A22696E646976696475616C222C22636F6E73747261696E7473223A6E756C6C7D',X'7B2274797065223A2264617465222C2276616C7565223A22323031392D31322D32352030303A30303A3031227D',X'2D31',X'5B5B7B2276697375616C5F6964223A225031222C22737461747573223A22636F6D706C657465227D5D5D',X'63726561746520536F6C7574696F6E'),
	(29,'Create Solution','create Solution',3,'2016-05-22 12:00:00','Testing Create Solution',X'5331',1,X'506F696E7473',NULL,X'54696D65204F7574',NULL,NULL,1,1,X'7B22726F6C65223A2273747564656E74222C227469746C65223A22696E646976696475616C222C22636F6E73747261696E7473223A7B226E6F74223A5B225031225D7D7D',X'7B2274797065223A2264617465222C2276616C7565223A22323031392D31322D32352030303A30303A3031227D',X'2D31',X'5B5B7B2276697375616C5F6964223A2250312E31222C22737461747573223A22636F6D706C657465227D5D5D',X'677261646520536F6C7574696F6E'),
	(30,'Grade Solution','grade Solution',3,'2016-05-22 12:00:00','Testing Grade Solution',X'53312E31',1,X'506F696E7473',NULL,X'54696D65204F7574',NULL,NULL,1,1,X'7B22726F6C65223A2273747564656E74222C227469746C65223A22696E646976696475616C222C22636F6E73747261696E7473223A7B2273616D65206173223A225031227D7D',X'7B2274797065223A2264617465222C2276616C7565223A22323031392D31322D32352030303A30303A3031227D',X'2D31',X'5B5B7B2276697375616C5F6964223A225331222C22737461747573223A22636F6D706C657465227D5D5D',X'677261646520536F6C7574696F6E'),
	(31,'Grade Solution','grade Solution',3,'2016-05-22 12:00:00','Testing Grade Solution',X'53312E32',1,X'506F696E7473',NULL,X'54696D65204F7574',NULL,NULL,1,1,X'7B22726F6C65223A2273747564656E74222C227469746C65223A22696E646976696475616C222C22636F6E73747261696E7473223A7B226E657720746F207375627766223A747275657D7D',X'7B2274797065223A2264617465222C2276616C7565223A22323031392D31322D32352030303A30303A3031227D',X'2D31',X'5B5B7B2276697375616C5F6964223A225331222C22737461747573223A22636F6D706C657465227D5D5D',X'7265736F6C766520477261646573'),
	(32,'Resolve Grades','resolve Grades',3,'2016-05-22 12:00:00','Testing Resolve Grades',X'53312E33',1,X'506F696E7473',NULL,X'54696D65204F7574',NULL,NULL,1,1,X'7B22726F6C65223A226E6F626F6479222C227469746C65223A22696E646976696475616C222C22636F6E73747261696E7473223A222D227D',X'7B2274797065223A2264617465222C2276616C7565223A22323031392D31322D32352030303A30303A3031227D',X'2D31',X'5B5B7B2276697375616C5F6964223A2253312E31222C22737461747573223A22636F6D706C657465227D2C7B2276697375616C5F6964223A2253312E32222C22737461747573223A22636F6D706C657465227D5D5D',X'677261646573206F6B'),
	(33,'Grades ok','grades ok',3,'2016-05-22 12:00:00','Testing grades ok',X'53312E34',1,X'506F696E7473',NULL,X'54696D65204F7574',NULL,NULL,1,1,X'7B22726F6C65223A226E6F626F6479222C227469746C65223A22696E646976696475616C222C22636F6E73747261696E7473223A222D227D',X'7B2274797065223A2264617465222C2276616C7565223A22323031392D31322D32352030303A30303A3031227D',X'2D31',X'5B5B7B2276697375616C5F6964223A2253312E33222C22737461747573223A22636F6D706C657465222C2276616C7565223A747275657D5D5D',X'64697370757465'),
	(34,'Resolution Grader','resolution grader',3,'2016-05-22 12:00:00','Testing Resolve Grades',X'53312E35',1,X'506F696E7473',NULL,X'54696D65204F7574',NULL,NULL,1,1,X'7B22726F6C65223A2273747564656E74222C227469746C65223A22696E646976696475616C222C22636F6E73747261696E7473223A7B226E657720746F207375627766223A747275657D7D',X'7B2274797065223A2264617465222C2276616C7565223A22323031392D31322D32352030303A30303A3031227D',X'2D31',X'5B5B7B2276697375616C5F6964223A2253312E33222C22737461747573223A22636F6D706C657465222C2276616C7565223A66616C73657D5D5D',X'64697370757465'),
	(35,'Dispute','dispute',3,'2016-05-22 12:00:00','Testing dispute',X'53312E36',1,X'506F696E7473',NULL,X'54696D65204F7574',NULL,NULL,1,1,X'7B22726F6C65223A2273747564656E74222C227469746C65223A22696E646976696475616C222C22636F6E73747261696E7473223A7B2273616D65206173223A225331227D7D',X'7B2274797065223A2264617465222C2276616C7565223A22323031392D31322D32352030303A30303A3031227D',X'2D31',X'5B5B7B2276697375616C5F6964223A2253312E34222C22737461747573223A22636F6D706C657465227D5D2C5B7B2276697375616C5F6964223A2253312E35222C22737461747573223A22636F6D706C657465227D5D5D',X'7265736F6C76652064697370757465'),
	(36,'Resolve Dispute','resolve dispute',3,'2016-05-22 12:00:00','Testing Resolve Dispute',X'53312E37',0,X'506F696E7473',NULL,X'54696D65204F7574',NULL,NULL,1,1,X'7B22726F6C65223A22696E7374727563746F72222C227469746C65223A22696E646976696475616C222C22636F6E73747261696E7473223A6E756C6C7D',X'7B2274797065223A2264617465222C2276616C7565223A22323031392D31322D32352030303A30303A3031227D',X'2D31',X'5B5B7B2276697375616C5F6964223A2253312E36222C22737461747573223A22636F6D706C657465222C2276616C7565223A747275657D5D5D',NULL),
	(69,'Create Problem','create problem',3,'2016-04-29 00:00:00','Instructions Test',X'5031',NULL,X'506F696E7473',NULL,NULL,NULL,NULL,12,16,X'7B22726F6C65223A2273747564656E74222C227469746C65223A22696E646976696475616C222C22636F6E73747261696E7473223A6E756C6C7D',NULL,NULL,X'5B5B7B226669727374223A747275657D5D5D',X'22656469742050726F626C656D22'),
	(70,'Edit Problem','edit problem',3,'2016-04-29 00:00:00','Instructions Edit Test',X'50312E31',NULL,X'506F696E7473',NULL,NULL,NULL,NULL,12,16,X'7B22726F6C65223A22696E7374727563746F72222C227469746C65223A22696E646976696475616C222C22636F6E73747261696E7473223A6E756C6C7D',NULL,NULL,X'5B5B7B2276697375616C5F6964223A225031222C22737461747573223A22636F6D706C657465227D5D5D',X'2263726561746520536F6C7574696F6E22'),
	(71,'Create Solution','create Solution',3,'2016-04-29 00:00:00','Instructions Create Solution Test',X'5331',NULL,X'506F696E7473',NULL,NULL,NULL,NULL,12,16,X'7B22726F6C65223A2273747564656E74222C227469746C65223A22696E646976696475616C222C22636F6E73747261696E7473223A7B226E6F74223A5B225031225D7D7D',NULL,NULL,X'5B5B7B2276697375616C5F6964223A2250312E31222C22737461747573223A22636F6D706C657465227D5D5D',X'22677261646520536F6C7574696F6E22'),
	(72,'Grade Solution','grade Solution',3,'2016-04-29 00:00:00','Instructions grade Solution Test',X'53312E31',NULL,X'506F696E7473',NULL,NULL,NULL,NULL,12,16,X'7B22726F6C65223A2273747564656E74222C227469746C65223A22696E646976696475616C222C22636F6E73747261696E7473223A7B2273616D65206173223A225031227D7D',NULL,NULL,X'5B5B7B2276697375616C5F6964223A225331222C22737461747573223A22636F6D706C657465227D5D5D',X'22677261646520536F6C7574696F6E22'),
	(73,'Grade Solution','grade Solution',3,'2016-04-29 00:00:00','Instructions grade Solution Test',X'53312E32',NULL,X'506F696E7473',NULL,NULL,NULL,NULL,12,16,X'7B22726F6C65223A2273747564656E74222C227469746C65223A22696E646976696475616C222C22636F6E73747261696E7473223A7B2273616D65206173223A225031227D7D',NULL,NULL,X'5B5B7B2276697375616C5F6964223A225331222C22737461747573223A22636F6D706C657465227D5D5D',X'227265736F6C76652047726164657322'),
	(74,'Resolve Grades','resolve grades',3,'2016-04-29 00:00:00','Instructions grade solution Test',X'53312E33',NULL,X'506F696E7473',NULL,NULL,NULL,NULL,12,16,X'7B22726F6C65223A226E6F626F6479222C227469746C65223A22696E646976696475616C222C22636F6E73747261696E7473223A222D227D',NULL,NULL,X'5B5B7B2276697375616C5F6964223A2253312E31222C22737461747573223A22636F6D706C657465227D2C7B2276697375616C5F6964223A2253312E32222C22737461747573223A22636F6D706C657465227D5D5D',X'22677261646573206F6B22'),
	(75,'Grades ok','grades ok',3,'2016-04-29 00:00:00','Instructions grades ok Test',X'53312E34',NULL,X'506F696E7473',NULL,NULL,NULL,NULL,12,16,X'7B22726F6C65223A226E6F626F6479222C227469746C65223A22696E646976696475616C222C22636F6E73747261696E7473223A222D227D',NULL,NULL,X'5B5B7B2276697375616C5F6964223A2253312E33222C22737461747573223A22636F6D706C657465222C2276616C7565223A747275657D5D5D',X'227265736F6C7574696F6E2047726164657222'),
	(76,'Resolution Grader','resolution Grader',3,'2016-04-29 00:00:00','Instructions resolution Grader Test',X'53312E35',NULL,X'506F696E7473',NULL,NULL,NULL,NULL,12,16,X'7B22726F6C65223A2273747564656E74222C227469746C65223A22696E646976696475616C222C22636F6E73747261696E7473223A7B226E657720746F207375627766223A747275657D7D',NULL,NULL,X'5B5B7B2276697375616C5F6964223A2253312E33222C22737461747573223A22636F6D706C657465222C2276616C7565223A66616C73657D5D5D',X'226469737075746522'),
	(77,'Dispute','dispute',3,'2016-04-29 00:00:00','Instructions dispute Test',X'53312E36',NULL,X'506F696E7473',NULL,NULL,NULL,NULL,12,16,X'7B22726F6C65223A2273747564656E74222C227469746C65223A22696E646976696475616C222C22636F6E73747261696E7473223A7B2273616D65206173223A225331227D7D',NULL,NULL,X'5B5B7B2276697375616C5F6964223A2253312E34222C22737461747573223A22636F6D706C657465227D5D2C5B7B2276697375616C5F6964223A2253312E35222C22737461747573223A22636F6D706C657465227D5D5D',X'227265736F6C7665204469737075746522'),
	(78,'Resolve Dispute','resolve Dispute',3,'2016-04-29 00:00:00','Instructions resolve Dispute Test',X'53312E37',NULL,X'506F696E7473',NULL,NULL,NULL,NULL,12,16,X'7B22726F6C65223A22696E7374727563746F72222C227469746C65223A22696E646976696475616C222C22636F6E73747261696E7473223A6E756C6C7D',NULL,NULL,X'5B5B7B2276697375616C5F6964223A2253312E36222C22737461747573223A22636F6D706C657465222C2276616C7565223A747275657D5D5D',X'22656469742050726F626C656D22');

/*!40000 ALTER TABLE `TaskActivity` ENABLE KEYS */;
UNLOCK TABLES;


# Dump of table User
# ------------------------------------------------------------

DROP TABLE IF EXISTS `User`;

CREATE TABLE `User` (
  `UserID` int(10) unsigned NOT NULL AUTO_INCREMENT,
  `FirstName` varchar(40) CHARACTER SET latin1 NOT NULL,
  `LastName` varchar(40) CHARACTER SET latin1 NOT NULL,
  `MiddleInitial` varchar(1) CHARACTER SET latin1 DEFAULT NULL,
  `OrganizationGroup` json NOT NULL,
  `UserContactID` int(10) unsigned NOT NULL,
  `UserType` set('Student','Instructor') COLLATE utf8_bin DEFAULT 'Student',
  `Admin` tinyint(1) DEFAULT '0',
  PRIMARY KEY (`UserID`),
  KEY `UserContactID` (`UserContactID`),
  CONSTRAINT `User_ibfk_2` FOREIGN KEY (`UserContactID`) REFERENCES `UserContact` (`UserContactID`)
) ENGINE=InnoDB DEFAULT CHARSET=utf8 COLLATE=utf8_bin;

LOCK TABLES `User` WRITE;
/*!40000 ALTER TABLE `User` DISABLE KEYS */;

INSERT INTO `User` (`UserID`, `FirstName`, `LastName`, `MiddleInitial`, `OrganizationGroup`, `UserContactID`, `UserType`, `Admin`)
VALUES
	(1,'Christians','Alexander','G',X'7B224F7267616E697A6174696F6E4944223A205B315D7D',1,X'496E7374727563746F72',1),
	(2,'Mike','Andrews','Y',X'7B224F7267616E697A6174696F6E4944223A205B315D7D',2,X'53747564656E74',0),
	(3,'Cesar','Salazar','L',X'7B224F7267616E697A6174696F6E4944223A205B315D7D',3,X'496E7374727563746F72',1),
	(4,'Kathy','Carrera','C',X'6E756C6C',3,X'53747564656E74',0),
	(5,'Kathy','Espinel','C',X'6E756C6C',3,X'496E7374727563746F72',1),
	(6,'Kathy','Palacio','C',X'6E756C6C',3,X'53747564656E74',0),
	(7,'Leandro','Palacio','C',X'6E756C6C',3,X'53747564656E74',0),
	(8,'James','Wong','n',X'6E756C6C',1,X'496E7374727563746F72',1),
	(18,'Jordan','Davis',NULL,X'7B224F7267616E697A6174696F6E4944223A205B5D7D',31,X'496E7374727563746F72',1),
	(19,'Temp','Temp',NULL,X'7B224F7267616E697A6174696F6E4944223A205B5D7D',32,X'496E7374727563746F72',1),
	(20,'Temp','Temp',NULL,X'7B224F7267616E697A6174696F6E4944223A205B5D7D',33,X'496E7374727563746F72',1),
	(21,'Temp','Temp',NULL,X'7B224F7267616E697A6174696F6E4944223A205B5D7D',34,X'496E7374727563746F72',1),
	(22,'Temp','Temp',NULL,X'7B224F7267616E697A6174696F6E4944223A205B5D7D',35,X'496E7374727563746F72',1),
	(23,'Temp','Temp',NULL,X'7B224F7267616E697A6174696F6E4944223A205B5D7D',36,X'496E7374727563746F72',1),
	(24,'Temp','Temp',NULL,X'7B224F7267616E697A6174696F6E4944223A205B5D7D',37,X'496E7374727563746F72',1),
	(25,'Temp','Temp',NULL,X'7B224F7267616E697A6174696F6E4944223A205B5D7D',38,X'496E7374727563746F72',1),
	(26,'Temp','Temp',NULL,X'7B224F7267616E697A6174696F6E4944223A205B5D7D',39,X'496E7374727563746F72',1);

/*!40000 ALTER TABLE `User` ENABLE KEYS */;
UNLOCK TABLES;


# Dump of table UserContact
# ------------------------------------------------------------

DROP TABLE IF EXISTS `UserContact`;

CREATE TABLE `UserContact` (
  `UserContactID` int(10) unsigned NOT NULL AUTO_INCREMENT,
  `Email` varchar(70) CHARACTER SET latin1 NOT NULL,
  `Phone` varchar(20) CHARACTER SET latin1 NOT NULL,
  PRIMARY KEY (`UserContactID`)
) ENGINE=InnoDB DEFAULT CHARSET=utf8 COLLATE=utf8_bin;

LOCK TABLES `UserContact` WRITE;
/*!40000 ALTER TABLE `UserContact` DISABLE KEYS */;

INSERT INTO `UserContact` (`UserContactID`, `Email`, `Phone`)
VALUES
	(1,'cga4@njit.edu','732-123-4567'),
	(2,'tests@example.com','732-999-1210'),
	(3,'cls33@njit.edu','908-344-7581'),
	(31,'mp434@njit.edu','XXX-XXX-XXXX'),
	(32,'johndoe@njit.edu','XXX-XXX-XXXX'),
	(33,'skylar@njit.edu','XXX-XXX-XXXX'),
	(34,'john@njit.edu','XXX-XXX-XXXX'),
	(35,'jerry@njit.edu','XXX-XXX-XXXX'),
	(36,'bill@gmail.com','XXX-XXX-XXXX'),
	(37,'joe@yahoo.com','XXX-XXX-XXXX'),
	(38,'george@njit.edu','XXX-XXX-XXXX'),
	(39,'billJones@gmail.com','XXX-XXX-XXXX');

/*!40000 ALTER TABLE `UserContact` ENABLE KEYS */;
UNLOCK TABLES;


# Dump of table UserLogin
# ------------------------------------------------------------

DROP TABLE IF EXISTS `UserLogin`;

CREATE TABLE `UserLogin` (
  `UserID` int(10) unsigned NOT NULL AUTO_INCREMENT,
  `Email` mediumtext CHARACTER SET latin1,
  `Password` mediumtext CHARACTER SET latin1 NOT NULL,
  PRIMARY KEY (`UserID`),
  CONSTRAINT `UserLogin_ibfk_1` FOREIGN KEY (`UserID`) REFERENCES `User` (`UserID`)
) ENGINE=InnoDB DEFAULT CHARSET=utf8 COLLATE=utf8_bin;

LOCK TABLES `UserLogin` WRITE;
/*!40000 ALTER TABLE `UserLogin` DISABLE KEYS */;

INSERT INTO `UserLogin` (`UserID`, `Email`, `Password`)
VALUES
	(1,'cga4@rutgers.edu','bcedc450f8481e89b1445069acdc3dd9'),
	(2,'tests@example.com','a78fdf1cb64ec5da7fd6f55039dd994f'),
	(3,'cls33@njit.edu','1502fb27207c174ceac63707b2162608'),
	(4,'kathybb90@hotmail.com','1502fb27207c174ceac63707b2162608'),
	(5,'kath.e@hotmail.com','1502fb27207c174ceac63707b2162608'),
	(6,'kath.C@hotmail.com','1502fb27207c174ceac63707b2162608'),
	(7,'cesarl79@hotmail.com','1502fb27207c174ceac63707b2162608'),
	(8,'nobody@email.com','1502fb27207c174ceac63707b2162608'),
	(18,'mp434@njit.edu','32250170a0dca92d53ec9624f336ca24'),
	(19,'johndoe@njit.edu','32250170a0dca92d53ec9624f336ca24'),
	(20,'skylar@njit.edu','32250170a0dca92d53ec9624f336ca24'),
	(21,'john@njit.edu','32250170a0dca92d53ec9624f336ca24'),
	(22,'jerry@njit.edu','32250170a0dca92d53ec9624f336ca24'),
	(23,'bill@gmail.com','32250170a0dca92d53ec9624f336ca24'),
	(24,'joe@yahoo.com','32250170a0dca92d53ec9624f336ca24'),
	(25,'george@njit.edu','32250170a0dca92d53ec9624f336ca24'),
	(26,'billJones@gmail.com','32250170a0dca92d53ec9624f336ca24');

/*!40000 ALTER TABLE `UserLogin` ENABLE KEYS */;
UNLOCK TABLES;


# Dump of table Workflow
# ------------------------------------------------------------

DROP TABLE IF EXISTS `Workflow`;

CREATE TABLE `Workflow` (
  `WorkflowID` int(10) unsigned NOT NULL AUTO_INCREMENT,
  `WorkflowActivityID` int(10) unsigned NOT NULL,
  `StartTime` datetime NOT NULL,
  `EndTime` datetime NOT NULL,
  `Type` mediumtext CHARACTER SET latin1 NOT NULL,
  `AssignmentSectionID` int(10) unsigned NOT NULL,
  `Workflow_task_collection` json DEFAULT NULL,
  `Workflow_data` json DEFAULT NULL,
  PRIMARY KEY (`WorkflowID`),
  KEY `WorkflowActivityID` (`WorkflowActivityID`),
  CONSTRAINT `Workflow_ibfk_1` FOREIGN KEY (`WorkflowActivityID`) REFERENCES `WorkflowActivity` (`WorkflowActivityID`),
  CONSTRAINT `Workflow_ibfk_2` FOREIGN KEY (`WorkflowActivityID`) REFERENCES `AssignmentSection` (`AssignmentSectionID`)
) ENGINE=InnoDB DEFAULT CHARSET=utf8 COLLATE=utf8_bin;

LOCK TABLES `Workflow` WRITE;
/*!40000 ALTER TABLE `Workflow` DISABLE KEYS */;

INSERT INTO `Workflow` (`WorkflowID`, `WorkflowActivityID`, `StartTime`, `EndTime`, `Type`, `AssignmentSectionID`, `Workflow_task_collection`, `Workflow_data`)
VALUES
	(182,1,'2016-04-24 00:57:04','2016-04-29 00:00:00','Work Flow Activity Test 1',1,NULL,NULL),
	(183,1,'2016-04-24 00:57:04','2016-04-29 00:00:00','Work Flow Activity Test 1',1,NULL,NULL),
	(184,1,'2016-04-24 00:57:04','2016-04-29 00:00:00','Work Flow Activity Test 1',1,NULL,NULL),
	(185,1,'2016-04-24 00:57:04','2016-04-29 00:00:00','Work Flow Activity Test 1',1,NULL,NULL),
	(186,1,'2016-04-24 00:57:04','2016-04-29 00:00:00','Work Flow Activity Test 1',1,NULL,NULL),
	(187,1,'2016-04-24 00:57:04','2016-04-29 00:00:00','Work Flow Activity Test 1',1,NULL,NULL);

/*!40000 ALTER TABLE `Workflow` ENABLE KEYS */;
UNLOCK TABLES;


# Dump of table WorkflowActivity
# ------------------------------------------------------------

DROP TABLE IF EXISTS `WorkflowActivity`;

CREATE TABLE `WorkflowActivity` (
  `WorkflowActivityID` int(10) unsigned NOT NULL AUTO_INCREMENT,
  `TaskActivityCollection` blob,
  `Name` varchar(30) CHARACTER SET latin1 NOT NULL,
  `Description` varchar(100) CHARACTER SET latin1 NOT NULL,
  `WA_A_id` int(10) unsigned DEFAULT NULL,
  PRIMARY KEY (`WorkflowActivityID`),
  KEY `WA_A_id` (`WA_A_id`),
  CONSTRAINT `WorkflowActivity_ibfk_1` FOREIGN KEY (`WA_A_id`) REFERENCES `Assignment` (`AssignmentID`)
) ENGINE=InnoDB DEFAULT CHARSET=utf8 COLLATE=utf8_bin;

LOCK TABLES `WorkflowActivity` WRITE;
/*!40000 ALTER TABLE `WorkflowActivity` DISABLE KEYS */;

INSERT INTO `WorkflowActivity` (`WorkflowActivityID`, `TaskActivityCollection`, `Name`, `Description`, `WA_A_id`)
VALUES
	(1,X'5B31392C32302C32312C32322C32332C32342C32352C32362C32372C32385D','Work Flow Activity Test 1','This is  the first workflow activity for testing',1),
	(2,X'5B31392C32302C32312C32322C32332C32342C32352C32362C32372C32385D','Work Flow Activity Test 2','This is  the second workflow activity for testing',NULL),
	(12,NULL,'WorkflowName','Workflow Description',16);

/*!40000 ALTER TABLE `WorkflowActivity` ENABLE KEYS */;
UNLOCK TABLES;



/*!40111 SET SQL_NOTES=@OLD_SQL_NOTES */;
/*!40101 SET SQL_MODE=@OLD_SQL_MODE */;
/*!40014 SET FOREIGN_KEY_CHECKS=@OLD_FOREIGN_KEY_CHECKS */;
/*!40101 SET CHARACTER_SET_CLIENT=@OLD_CHARACTER_SET_CLIENT */;
/*!40101 SET CHARACTER_SET_RESULTS=@OLD_CHARACTER_SET_RESULTS */;
/*!40101 SET COLLATION_CONNECTION=@OLD_COLLATION_CONNECTION */;
